Layer_0, torch.Size([187, 8]), 169.5, 124, 117.0
Layer_1, torch.Size([187, 8]), 166.5, 122, 114.5
Layer_2, torch.Size([187, 8]), 162.5, 118, 112.0
Layer_3, torch.Size([187, 8]), 159.5, 120, 111.0
Layer_4, torch.Size([187, 8]), 156.0, 117, 109.0
Layer_5, torch.Size([187, 8]), 153.5, 113, 106.0
Layer_6, torch.Size([187, 8]), 140.0, 112, 99.0
Layer_7, torch.Size([187, 8]), 140.5, 116, 101.0
Layer_8, torch.Size([187, 8]), 155.0, 116, 107.0
Layer_9, torch.Size([187, 8]), 156.5, 117, 109.5
Layer_10, torch.Size([187, 8]), 155.5, 118, 109.0
Layer_11, torch.Size([187, 8]), 166.5, 121, 114.5
Layer_12, torch.Size([187, 8]), 154.0, 114, 107.5
Layer_13, torch.Size([187, 8]), 156.0, 115, 107.5
Layer_14, torch.Size([187, 8]), 158.5, 115, 108.5
Layer_15, torch.Size([187, 8]), 149.0, 115, 104.5
Layer_16, torch.Size([187, 8]), 150.5, 114, 105.5
Layer_17, torch.Size([187, 8]), 160.0, 119, 110.5
Layer_18, torch.Size([187, 8]), 133.0, 108, 95.0
Layer_19, torch.Size([187, 8]), 140.5, 112, 101.0
Layer_20, torch.Size([187, 8]), 149.5, 115, 105.0
Layer_21, torch.Size([187, 8]), 153.5, 119, 107.0
Layer_22, torch.Size([187, 8]), 161.5, 120, 112.0
Layer_23, torch.Size([187, 8]), 162.5, 123, 114.0
Layer_24, torch.Size([187, 8]), 155.0, 120, 109.5
Layer_25, torch.Size([187, 8]), 162.0, 123, 112.5
Layer_26, torch.Size([187, 8]), 165.0, 119, 112.5
Layer_27, torch.Size([187, 8]), 162.0, 124, 112.5
Layer_28, torch.Size([187, 8]), 158.5, 119, 110.5
Layer_29, torch.Size([187, 8]), 162.5, 119, 112.0
Layer_30, torch.Size([187, 8]), 148.0, 120, 105.5
Layer_31, torch.Size([187, 8]), 147.0, 113, 103.0
Layer_32, torch.Size([187, 8]), 155.5, 119, 109.0
Layer_33, torch.Size([187, 8]), 160.0, 120, 111.5
Layer_34, torch.Size([187, 8]), 159.5, 120, 111.0
Layer_35, torch.Size([187, 8]), 168.5, 124, 116.0
Layer_36, torch.Size([187, 8]), 170.0, 120, 115.5
Layer_37, torch.Size([187, 8]), 166.0, 120, 114.0
Layer_38, torch.Size([187, 8]), 162.5, 122, 113.0
Layer_39, torch.Size([187, 8]), 160.5, 118, 110.0
Layer_40, torch.Size([187, 8]), 161.5, 116, 110.5
Layer_41, torch.Size([187, 8]), 158.0, 116, 108.5
Layer_42, torch.Size([187, 8]), 160.5, 118, 110.5
Layer_43, torch.Size([187, 8]), 158.5, 117, 109.0
Layer_44, torch.Size([187, 8]), 155.5, 115, 107.0
Layer_45, torch.Size([187, 8]), 151.0, 114, 104.5
Layer_46, torch.Size([187, 8]), 157.5, 116, 109.5
Layer_47, torch.Size([187, 8]), 158.5, 116, 110.0
Layer_0, torch.Size([153, 8]), 170.0, 123, 117.0
Layer_1, torch.Size([153, 8]), 178.0, 127, 121.5
Layer_2, torch.Size([153, 8]), 161.0, 122, 112.5
Layer_3, torch.Size([153, 8]), 156.5, 119, 109.0
Layer_4, torch.Size([153, 8]), 154.5, 115, 107.5
Layer_5, torch.Size([153, 8]), 158.0, 116, 109.5
Layer_6, torch.Size([153, 8]), 143.5, 110, 100.5
Layer_7, torch.Size([153, 8]), 138.0, 113, 98.5
Layer_8, torch.Size([153, 8]), 152.5, 119, 107.5
Layer_9, torch.Size([153, 8]), 153.5, 116, 107.0
Layer_10, torch.Size([153, 8]), 154.5, 117, 108.0
Layer_11, torch.Size([153, 8]), 158.5, 120, 111.0
Layer_12, torch.Size([153, 8]), 155.5, 115, 108.5
Layer_13, torch.Size([153, 8]), 144.5, 108, 101.0
Layer_14, torch.Size([153, 8]), 151.5, 115, 106.0
Layer_15, torch.Size([153, 8]), 143.5, 112, 100.5
Layer_16, torch.Size([153, 8]), 135.0, 112, 97.0
Layer_17, torch.Size([153, 8]), 154.0, 114, 107.5
Layer_18, torch.Size([153, 8]), 130.0, 108, 93.5
Layer_19, torch.Size([153, 8]), 128.5, 105, 91.5
Layer_20, torch.Size([153, 8]), 135.0, 111, 97.0
Layer_21, torch.Size([153, 8]), 143.0, 111, 101.5
Layer_22, torch.Size([153, 8]), 152.0, 112, 104.5
Layer_23, torch.Size([153, 8]), 161.0, 125, 113.0
Layer_24, torch.Size([153, 8]), 150.5, 114, 105.0
Layer_25, torch.Size([153, 8]), 148.0, 114, 104.0
Layer_26, torch.Size([153, 8]), 153.5, 116, 106.5
Layer_27, torch.Size([153, 8]), 156.5, 117, 108.5
Layer_28, torch.Size([153, 8]), 152.0, 113, 105.0
Layer_29, torch.Size([153, 8]), 151.0, 116, 105.5
Layer_30, torch.Size([153, 8]), 140.5, 113, 99.5
Layer_31, torch.Size([153, 8]), 137.5, 112, 98.0
Layer_32, torch.Size([153, 8]), 149.0, 115, 104.0
Layer_33, torch.Size([153, 8]), 158.5, 118, 110.5
Layer_34, torch.Size([153, 8]), 160.5, 118, 110.0
Layer_35, torch.Size([153, 8]), 162.0, 119, 111.5
Layer_36, torch.Size([153, 8]), 157.0, 118, 109.5
Layer_37, torch.Size([153, 8]), 157.5, 116, 109.0
Layer_38, torch.Size([153, 8]), 153.5, 116, 107.0
Layer_39, torch.Size([153, 8]), 158.0, 116, 109.5
Layer_40, torch.Size([153, 8]), 152.0, 114, 105.0
Layer_41, torch.Size([153, 8]), 159.0, 116, 109.5
Layer_42, torch.Size([153, 8]), 148.5, 115, 103.5
Layer_43, torch.Size([153, 8]), 154.0, 111, 106.5
Layer_44, torch.Size([153, 8]), 154.0, 112, 105.5
Layer_45, torch.Size([153, 8]), 147.0, 114, 102.5
Layer_46, torch.Size([153, 8]), 148.0, 115, 104.0
Layer_47, torch.Size([153, 8]), 151.5, 111, 105.5
Layer_0, torch.Size([138, 8]), 161.5, 123, 114.5
Layer_1, torch.Size([138, 8]), 147.5, 115, 103.5
Layer_2, torch.Size([138, 8]), 155.5, 119, 109.5
Layer_3, torch.Size([138, 8]), 158.5, 119, 110.0
Layer_4, torch.Size([138, 8]), 135.5, 112, 98.0
Layer_5, torch.Size([138, 8]), 147.0, 115, 104.0
Layer_6, torch.Size([138, 8]), 127.5, 105, 92.0
Layer_7, torch.Size([138, 8]), 127.5, 106, 92.0
Layer_8, torch.Size([138, 8]), 137.0, 107, 97.5
Layer_9, torch.Size([138, 8]), 133.5, 105, 96.0
Layer_10, torch.Size([138, 8]), 153.5, 115, 107.0
Layer_11, torch.Size([138, 8]), 149.5, 120, 108.5
Layer_12, torch.Size([138, 8]), 142.5, 110, 100.0
Layer_13, torch.Size([138, 8]), 149.5, 112, 105.5
Layer_14, torch.Size([138, 8]), 153.0, 116, 106.5
Layer_15, torch.Size([138, 8]), 145.5, 109, 102.0
Layer_16, torch.Size([138, 8]), 140.0, 110, 99.5
Layer_17, torch.Size([138, 8]), 144.5, 112, 102.5
Layer_18, torch.Size([138, 8]), 125.5, 105, 93.5
Layer_19, torch.Size([138, 8]), 126.5, 106, 92.5
Layer_20, torch.Size([138, 8]), 131.0, 106, 93.5
Layer_21, torch.Size([138, 8]), 150.5, 114, 105.5
Layer_22, torch.Size([138, 8]), 146.5, 114, 103.0
Layer_23, torch.Size([138, 8]), 146.5, 116, 104.0
Layer_24, torch.Size([138, 8]), 145.5, 116, 103.5
Layer_25, torch.Size([138, 8]), 145.5, 111, 102.0
Layer_26, torch.Size([138, 8]), 149.5, 112, 104.0
Layer_27, torch.Size([138, 8]), 150.0, 115, 106.5
Layer_28, torch.Size([138, 8]), 139.0, 109, 97.5
Layer_29, torch.Size([138, 8]), 140.5, 108, 98.5
Layer_30, torch.Size([138, 8]), 123.5, 104, 90.0
Layer_31, torch.Size([138, 8]), 135.5, 110, 96.0
Layer_32, torch.Size([138, 8]), 142.0, 108, 98.5
Layer_33, torch.Size([138, 8]), 157.5, 120, 110.0
Layer_34, torch.Size([138, 8]), 147.0, 117, 103.5
Layer_35, torch.Size([138, 8]), 146.0, 117, 103.5
Layer_36, torch.Size([138, 8]), 156.0, 114, 107.0
Layer_37, torch.Size([138, 8]), 147.0, 111, 103.5
Layer_38, torch.Size([138, 8]), 151.5, 114, 106.0
Layer_39, torch.Size([138, 8]), 152.5, 110, 106.0
Layer_40, torch.Size([138, 8]), 146.5, 111, 102.0
Layer_41, torch.Size([138, 8]), 150.0, 113, 104.5
Layer_42, torch.Size([138, 8]), 148.0, 112, 103.0
Layer_43, torch.Size([138, 8]), 150.0, 110, 103.5
Layer_44, torch.Size([138, 8]), 152.0, 115, 106.5
Layer_45, torch.Size([138, 8]), 140.5, 112, 99.5
Layer_46, torch.Size([138, 8]), 151.0, 114, 107.5
Layer_47, torch.Size([138, 8]), 153.5, 113, 107.5
Layer_0, torch.Size([140, 8]), 174.0, 125, 120.5
Layer_1, torch.Size([140, 8]), 164.0, 126, 115.0
Layer_2, torch.Size([140, 8]), 164.5, 120, 114.5
Layer_3, torch.Size([140, 8]), 157.5, 119, 110.0
Layer_4, torch.Size([140, 8]), 147.0, 116, 104.0
Layer_5, torch.Size([140, 8]), 151.5, 115, 107.5
Layer_6, torch.Size([140, 8]), 142.5, 109, 100.0
Layer_7, torch.Size([140, 8]), 139.0, 109, 99.0
Layer_8, torch.Size([140, 8]), 147.0, 114, 103.5
Layer_9, torch.Size([140, 8]), 132.0, 110, 94.5
Layer_10, torch.Size([140, 8]), 145.0, 111, 101.5
Layer_11, torch.Size([140, 8]), 150.0, 116, 106.5
Layer_12, torch.Size([140, 8]), 146.5, 113, 104.0
Layer_13, torch.Size([140, 8]), 147.0, 109, 102.0
Layer_14, torch.Size([140, 8]), 140.0, 108, 98.5
Layer_15, torch.Size([140, 8]), 135.0, 108, 95.5
Layer_16, torch.Size([140, 8]), 127.0, 102, 90.5
Layer_17, torch.Size([140, 8]), 141.5, 109, 99.5
Layer_18, torch.Size([140, 8]), 114.5, 99, 83.0
Layer_19, torch.Size([140, 8]), 124.5, 101, 89.0
Layer_20, torch.Size([140, 8]), 133.5, 108, 95.5
Layer_21, torch.Size([140, 8]), 133.5, 108, 96.0
Layer_22, torch.Size([140, 8]), 143.5, 119, 103.5
Layer_23, torch.Size([140, 8]), 141.5, 112, 100.0
Layer_24, torch.Size([140, 8]), 138.5, 110, 98.5
Layer_25, torch.Size([140, 8]), 137.0, 107, 97.0
Layer_26, torch.Size([140, 8]), 145.5, 113, 103.0
Layer_27, torch.Size([140, 8]), 137.0, 107, 96.5
Layer_28, torch.Size([140, 8]), 137.0, 116, 99.0
Layer_29, torch.Size([140, 8]), 145.5, 111, 101.5
Layer_30, torch.Size([140, 8]), 135.5, 109, 96.5
Layer_31, torch.Size([140, 8]), 130.5, 107, 93.0
Layer_32, torch.Size([140, 8]), 149.5, 118, 107.0
Layer_33, torch.Size([140, 8]), 151.5, 118, 106.5
Layer_34, torch.Size([140, 8]), 153.5, 116, 107.0
Layer_35, torch.Size([140, 8]), 150.5, 120, 106.0
Layer_36, torch.Size([140, 8]), 154.0, 116, 107.5
Layer_37, torch.Size([140, 8]), 150.5, 113, 105.5
Layer_38, torch.Size([140, 8]), 144.5, 110, 101.5
Layer_39, torch.Size([140, 8]), 153.5, 117, 108.0
Layer_40, torch.Size([140, 8]), 149.0, 114, 106.0
Layer_41, torch.Size([140, 8]), 149.0, 113, 103.5
Layer_42, torch.Size([140, 8]), 147.0, 113, 103.5
Layer_43, torch.Size([140, 8]), 149.0, 114, 104.5
Layer_44, torch.Size([140, 8]), 152.0, 117, 107.5
Layer_45, torch.Size([140, 8]), 159.0, 116, 109.0
Layer_46, torch.Size([140, 8]), 151.0, 110, 104.5
Layer_47, torch.Size([140, 8]), 150.0, 112, 106.5
Layer_0, torch.Size([152, 8]), 169.5, 125, 117.0
Layer_1, torch.Size([152, 8]), 164.0, 124, 114.5
Layer_2, torch.Size([152, 8]), 163.5, 121, 114.0
Layer_3, torch.Size([152, 8]), 156.0, 117, 108.5
Layer_4, torch.Size([152, 8]), 150.0, 119, 106.5
Layer_5, torch.Size([152, 8]), 157.0, 118, 110.5
Layer_6, torch.Size([152, 8]), 141.5, 112, 100.5
Layer_7, torch.Size([152, 8]), 122.5, 105, 89.5
Layer_8, torch.Size([152, 8]), 143.0, 116, 102.0
Layer_9, torch.Size([152, 8]), 155.5, 115, 108.0
Layer_10, torch.Size([152, 8]), 149.5, 113, 104.0
Layer_11, torch.Size([152, 8]), 162.0, 120, 112.5
Layer_12, torch.Size([152, 8]), 151.5, 113, 106.0
Layer_13, torch.Size([152, 8]), 154.5, 115, 108.0
Layer_14, torch.Size([152, 8]), 156.5, 119, 109.0
Layer_15, torch.Size([152, 8]), 146.5, 115, 103.5
Layer_16, torch.Size([152, 8]), 137.5, 108, 97.0
Layer_17, torch.Size([152, 8]), 146.5, 115, 104.5
Layer_18, torch.Size([152, 8]), 131.5, 107, 95.0
Layer_19, torch.Size([152, 8]), 121.5, 98, 86.5
Layer_20, torch.Size([152, 8]), 141.0, 113, 101.0
Layer_21, torch.Size([152, 8]), 152.5, 115, 107.5
Layer_22, torch.Size([152, 8]), 146.5, 115, 103.5
Layer_23, torch.Size([152, 8]), 157.0, 121, 110.0
Layer_24, torch.Size([152, 8]), 152.0, 120, 107.0
Layer_25, torch.Size([152, 8]), 148.0, 111, 102.5
Layer_26, torch.Size([152, 8]), 160.5, 117, 111.5
Layer_27, torch.Size([152, 8]), 157.5, 121, 112.0
Layer_28, torch.Size([152, 8]), 148.5, 112, 104.0
Layer_29, torch.Size([152, 8]), 159.0, 118, 111.5
Layer_30, torch.Size([152, 8]), 142.5, 112, 101.5
Layer_31, torch.Size([152, 8]), 126.5, 100, 90.0
Layer_32, torch.Size([152, 8]), 158.0, 123, 111.5
Layer_33, torch.Size([152, 8]), 158.0, 117, 109.0
Layer_34, torch.Size([152, 8]), 152.0, 116, 105.5
Layer_35, torch.Size([152, 8]), 161.5, 123, 113.0
Layer_36, torch.Size([152, 8]), 154.5, 114, 106.5
Layer_37, torch.Size([152, 8]), 159.5, 118, 110.0
Layer_38, torch.Size([152, 8]), 161.5, 117, 111.0
Layer_39, torch.Size([152, 8]), 161.5, 118, 112.0
Layer_40, torch.Size([152, 8]), 159.5, 118, 111.0
Layer_41, torch.Size([152, 8]), 158.0, 118, 109.5
Layer_42, torch.Size([152, 8]), 154.5, 113, 107.0
Layer_43, torch.Size([152, 8]), 151.0, 111, 104.5
Layer_44, torch.Size([152, 8]), 151.5, 112, 104.5
Layer_45, torch.Size([152, 8]), 148.5, 112, 104.0
Layer_46, torch.Size([152, 8]), 147.5, 104, 101.5
Layer_47, torch.Size([152, 8]), 154.5, 112, 107.0
Layer_0, torch.Size([172, 8]), 168.5, 124, 117.0
Layer_1, torch.Size([172, 8]), 173.0, 127, 120.0
Layer_2, torch.Size([172, 8]), 163.0, 121, 113.0
Layer_3, torch.Size([172, 8]), 156.5, 120, 110.5
Layer_4, torch.Size([172, 8]), 145.0, 114, 102.5
Layer_5, torch.Size([172, 8]), 147.0, 113, 102.5
Layer_6, torch.Size([172, 8]), 135.0, 108, 96.0
Layer_7, torch.Size([172, 8]), 131.5, 107, 93.5
Layer_8, torch.Size([172, 8]), 143.0, 113, 102.5
Layer_9, torch.Size([172, 8]), 143.5, 107, 99.0
Layer_10, torch.Size([172, 8]), 159.5, 120, 111.5
Layer_11, torch.Size([172, 8]), 162.5, 121, 113.0
Layer_12, torch.Size([172, 8]), 146.0, 113, 102.0
Layer_13, torch.Size([172, 8]), 155.0, 118, 108.0
Layer_14, torch.Size([172, 8]), 155.5, 117, 108.0
Layer_15, torch.Size([172, 8]), 150.5, 116, 106.0
Layer_16, torch.Size([172, 8]), 142.5, 106, 98.5
Layer_17, torch.Size([172, 8]), 155.0, 114, 107.5
Layer_18, torch.Size([172, 8]), 120.5, 104, 88.0
Layer_19, torch.Size([172, 8]), 129.5, 102, 92.0
Layer_20, torch.Size([172, 8]), 136.0, 110, 97.5
Layer_21, torch.Size([172, 8]), 145.5, 112, 102.0
Layer_22, torch.Size([172, 8]), 162.0, 122, 112.5
Layer_23, torch.Size([172, 8]), 154.0, 116, 107.0
Layer_24, torch.Size([172, 8]), 150.0, 114, 104.0
Layer_25, torch.Size([172, 8]), 144.0, 111, 100.5
Layer_26, torch.Size([172, 8]), 158.0, 118, 109.5
Layer_27, torch.Size([172, 8]), 159.5, 117, 110.5
Layer_28, torch.Size([172, 8]), 143.0, 113, 101.0
Layer_29, torch.Size([172, 8]), 165.0, 121, 113.5
Layer_30, torch.Size([172, 8]), 137.0, 106, 96.5
Layer_31, torch.Size([172, 8]), 133.5, 109, 95.5
Layer_32, torch.Size([172, 8]), 150.0, 113, 104.0
Layer_33, torch.Size([172, 8]), 150.5, 115, 105.0
Layer_34, torch.Size([172, 8]), 165.0, 119, 113.0
Layer_35, torch.Size([172, 8]), 160.0, 122, 111.5
Layer_36, torch.Size([172, 8]), 151.5, 115, 104.5
Layer_37, torch.Size([172, 8]), 158.5, 117, 109.5
Layer_38, torch.Size([172, 8]), 159.5, 117, 109.5
Layer_39, torch.Size([172, 8]), 161.5, 114, 110.5
Layer_40, torch.Size([172, 8]), 151.0, 111, 105.0
Layer_41, torch.Size([172, 8]), 157.5, 115, 108.0
Layer_42, torch.Size([172, 8]), 155.0, 114, 107.5
Layer_43, torch.Size([172, 8]), 153.0, 113, 105.5
Layer_44, torch.Size([172, 8]), 154.0, 114, 106.0
Layer_45, torch.Size([172, 8]), 148.0, 113, 103.5
Layer_46, torch.Size([172, 8]), 149.0, 113, 104.5
Layer_47, torch.Size([172, 8]), 157.5, 114, 107.5
Layer_0, torch.Size([126, 8]), 163.5, 122, 113.5
Layer_1, torch.Size([126, 8]), 151.0, 121, 107.5
Layer_2, torch.Size([126, 8]), 151.0, 116, 107.5
Layer_3, torch.Size([126, 8]), 141.0, 113, 100.5
Layer_4, torch.Size([126, 8]), 145.0, 111, 101.5
Layer_5, torch.Size([126, 8]), 143.5, 113, 102.0
Layer_6, torch.Size([126, 8]), 118.0, 103, 86.0
Layer_7, torch.Size([126, 8]), 111.0, 98, 82.0
Layer_8, torch.Size([126, 8]), 129.5, 111, 95.0
Layer_9, torch.Size([126, 8]), 129.5, 105, 92.0
Layer_10, torch.Size([126, 8]), 139.5, 113, 99.5
Layer_11, torch.Size([126, 8]), 150.0, 114, 105.5
Layer_12, torch.Size([126, 8]), 144.0, 113, 101.0
Layer_13, torch.Size([126, 8]), 137.0, 104, 95.5
Layer_14, torch.Size([126, 8]), 145.0, 110, 102.0
Layer_15, torch.Size([126, 8]), 136.0, 104, 95.5
Layer_16, torch.Size([126, 8]), 129.0, 105, 92.5
Layer_17, torch.Size([126, 8]), 133.0, 107, 95.5
Layer_18, torch.Size([126, 8]), 103.0, 88, 74.0
Layer_19, torch.Size([126, 8]), 95.5, 84, 70.0
Layer_20, torch.Size([126, 8]), 119.0, 104, 87.0
Layer_21, torch.Size([126, 8]), 127.0, 105, 91.0
Layer_22, torch.Size([126, 8]), 133.5, 113, 96.5
Layer_23, torch.Size([126, 8]), 141.5, 113, 101.0
Layer_24, torch.Size([126, 8]), 142.0, 112, 101.0
Layer_25, torch.Size([126, 8]), 144.5, 110, 101.0
Layer_26, torch.Size([126, 8]), 149.0, 111, 103.5
Layer_27, torch.Size([126, 8]), 134.5, 110, 97.0
Layer_28, torch.Size([126, 8]), 130.5, 107, 94.5
Layer_29, torch.Size([126, 8]), 133.5, 105, 94.5
Layer_30, torch.Size([126, 8]), 121.5, 100, 87.0
Layer_31, torch.Size([126, 8]), 108.5, 93, 79.5
Layer_32, torch.Size([126, 8]), 129.5, 104, 92.0
Layer_33, torch.Size([126, 8]), 138.0, 110, 98.5
Layer_34, torch.Size([126, 8]), 144.5, 112, 101.0
Layer_35, torch.Size([126, 8]), 147.5, 113, 103.5
Layer_36, torch.Size([126, 8]), 144.0, 116, 103.0
Layer_37, torch.Size([126, 8]), 153.5, 116, 107.0
Layer_38, torch.Size([126, 8]), 146.5, 113, 102.5
Layer_39, torch.Size([126, 8]), 147.0, 111, 104.0
Layer_40, torch.Size([126, 8]), 140.5, 113, 100.5
Layer_41, torch.Size([126, 8]), 135.0, 103, 94.5
Layer_42, torch.Size([126, 8]), 139.0, 108, 98.0
Layer_43, torch.Size([126, 8]), 135.5, 105, 95.5
Layer_44, torch.Size([126, 8]), 139.5, 110, 99.5
Layer_45, torch.Size([126, 8]), 135.0, 106, 96.0
Layer_46, torch.Size([126, 8]), 136.5, 111, 98.5
Layer_47, torch.Size([126, 8]), 148.0, 114, 104.5
Layer_0, torch.Size([155, 8]), 165.0, 121, 115.0
Layer_1, torch.Size([155, 8]), 169.5, 128, 118.5
Layer_2, torch.Size([155, 8]), 159.5, 116, 110.0
Layer_3, torch.Size([155, 8]), 159.0, 117, 110.0
Layer_4, torch.Size([155, 8]), 148.5, 117, 105.0
Layer_5, torch.Size([155, 8]), 151.0, 117, 106.5
Layer_6, torch.Size([155, 8]), 121.5, 101, 88.5
Layer_7, torch.Size([155, 8]), 121.5, 106, 89.5
Layer_8, torch.Size([155, 8]), 136.0, 108, 95.5
Layer_9, torch.Size([155, 8]), 148.5, 116, 104.5
Layer_10, torch.Size([155, 8]), 157.0, 115, 109.0
Layer_11, torch.Size([155, 8]), 151.0, 117, 107.5
Layer_12, torch.Size([155, 8]), 156.5, 116, 108.5
Layer_13, torch.Size([155, 8]), 145.0, 112, 101.0
Layer_14, torch.Size([155, 8]), 149.5, 115, 104.5
Layer_15, torch.Size([155, 8]), 140.0, 109, 98.0
Layer_16, torch.Size([155, 8]), 139.5, 110, 98.5
Layer_17, torch.Size([155, 8]), 144.5, 111, 101.0
Layer_18, torch.Size([155, 8]), 109.5, 97, 81.5
Layer_19, torch.Size([155, 8]), 110.0, 96, 80.5
Layer_20, torch.Size([155, 8]), 135.0, 112, 98.5
Layer_21, torch.Size([155, 8]), 142.5, 111, 101.0
Layer_22, torch.Size([155, 8]), 152.5, 119, 109.0
Layer_23, torch.Size([155, 8]), 147.0, 119, 104.5
Layer_24, torch.Size([155, 8]), 152.0, 113, 105.0
Layer_25, torch.Size([155, 8]), 147.0, 112, 103.0
Layer_26, torch.Size([155, 8]), 155.0, 118, 108.0
Layer_27, torch.Size([155, 8]), 146.5, 112, 103.0
Layer_28, torch.Size([155, 8]), 145.5, 115, 103.0
Layer_29, torch.Size([155, 8]), 145.5, 112, 103.0
Layer_30, torch.Size([155, 8]), 131.0, 108, 94.5
Layer_31, torch.Size([155, 8]), 120.5, 99, 86.5
Layer_32, torch.Size([155, 8]), 144.5, 112, 101.5
Layer_33, torch.Size([155, 8]), 143.0, 113, 100.5
Layer_34, torch.Size([155, 8]), 158.0, 118, 109.0
Layer_35, torch.Size([155, 8]), 154.5, 111, 106.0
Layer_36, torch.Size([155, 8]), 155.0, 117, 107.5
Layer_37, torch.Size([155, 8]), 162.5, 121, 112.0
Layer_38, torch.Size([155, 8]), 150.0, 112, 103.5
Layer_39, torch.Size([155, 8]), 149.0, 109, 103.5
Layer_40, torch.Size([155, 8]), 153.5, 114, 106.5
Layer_41, torch.Size([155, 8]), 142.5, 110, 99.0
Layer_42, torch.Size([155, 8]), 149.5, 108, 102.5
Layer_43, torch.Size([155, 8]), 147.5, 111, 102.5
Layer_44, torch.Size([155, 8]), 149.5, 112, 104.0
Layer_45, torch.Size([155, 8]), 142.5, 106, 98.5
Layer_46, torch.Size([155, 8]), 144.5, 110, 101.5
Layer_47, torch.Size([155, 8]), 149.5, 111, 104.0
